model,train_size,train_auc,validation_auc
strong regularisation (C=0.001),156,0.8232975214926963,0.8124763307384809
strong regularisation (C=0.001),312,0.8172132565161997,0.8187881338102251
strong regularisation (C=0.001),468,0.816987431432338,0.8180517567851883
strong regularisation (C=0.001),624,0.8172563170267161,0.8237323795497581
strong regularisation (C=0.001),780,0.8331619560271264,0.8252892909741216
selected model,156,0.8237616271335462,0.803155901535872
selected model,312,0.836028237747809,0.8341678939617084
selected model,468,0.842264632693231,0.8441826215022091
selected model,624,0.8431255518462356,0.8461392804544499
selected model,780,0.8574894380943163,0.8497159688617714
