feature,importance_mean,importance_std
worst smoothness,0.010648148148148106,0.002847757955239549
worst texture,0.008465608465608388,0.004370086914466129
worst perimeter,0.006977513227513143,0.004954692577954153
worst area,0.006911375661375585,0.005430635256738663
worst radius,0.005952380952380876,0.004808069145152342
mean concavity,0.0040013227513227,0.0021197580040393385
worst concave points,0.0039021164021163512,0.0022467311840559667
mean concave points,0.003902116402116318,0.002500139969766652
radius error,0.0038359788359787926,0.0026463292359447978
area error,0.0030092592592592003,0.0028997005011822717
mean area,0.0022486772486771554,0.00205878074289332
mean perimeter,0.0020502645502644802,0.002116402116402132
perimeter error,0.002017195767195723,0.0018556862230950297
mean radius,0.0020171957671956896,0.0021656897261948284
worst concavity,0.0019179894179893408,0.0010224619599034296
symmetry error,0.0016203703703703276,0.0014822046845909427
compactness error,0.0013558201058200714,0.0010812025611290853
mean fractal dimension,0.00112433862433855,0.0004723166950094243
fractal dimension error,0.001091269841269793,0.001155516217569873
worst fractal dimension,0.0009920634920634664,0.0005332181050461801
worst symmetry,0.0007275132275131879,0.0006904964622295348
mean texture,0.000628306878306828,0.0010079200168074307
smoothness error,0.0005952380952380266,0.0006061608062110745
concavity error,0.0005291005291005124,0.00042348705274026745
mean smoothness,0.0004629629629629317,0.0006968024968817892
concave points error,0.0003306878306877814,0.0008100164493330677
texture error,0.0002976190476190133,0.0005218165951739072
mean symmetry,0.00016534391534387405,0.000496031746031748
mean compactness,-0.0001322751322751725,0.0007853400851215722
worst compactness,-0.0003306878306878813,0.00020914534789474504
